cycle,controller,Wh/km,RMSE (m/s),max |err| (m/s),RMS jerk (m/s³),friction loss (Wh),km
UDDS (city),Bang-bang,157.1781552861794,0.3541518894135732,0.6620976077423858,15.92175281258089,12.290691471091693,11.817576188354924
UDDS (city),PID,165.12923917110146,0.2134722472608117,0.7168730922991371,0.39272777470154285,5.2526330567025745,11.991703728904469
UDDS (city),PID + LSTM,165.18801589375465,0.19406288899489169,0.6873134405699348,0.5551908917007109,5.074360029446331,11.991435266387118
UDDS (city),PID + oracle,165.22013925598029,0.18941243245455566,0.6860205501418803,0.4692777794623484,5.171008839333823,11.99120644819037
UDDS (city),MPC + persistence,163.57764643632524,0.4208143090156126,3.2544512000000334,1.707505941919067,5.055615643896924,11.938197848125688
UDDS (city),MPC + const. accel,165.1063380388977,0.17909063533734848,2.342489600000085,1.796578925617581,4.943142712032163,11.942203965747888
UDDS (city),MPC + LSTM,165.5303138175096,0.07834301765003113,1.474172803722391,2.023762469520123,5.399193717583054,11.979177329157501
UDDS (city),MPC + oracle,163.10780965235872,0.054182265478794615,0.3479122987448733,0.8171738466736228,4.610009755914609,11.955874912129811
HWFET (highway),Bang-bang,179.61312138314193,0.39495441038049006,0.6571238974838893,12.621376185105593,32.676279937732815,16.26104112368017
HWFET (highway),PID,182.9057543799372,0.08661651623928718,0.509646999841872,0.14842404924002972,0.2524865394470513,16.509885889993893
HWFET (highway),PID + LSTM,182.9822320296859,0.08398983831494178,0.509646999841872,0.22195666154523222,1.9597130343595408,16.509587267928886
HWFET (highway),PID + oracle,182.90607397871275,0.084023219897227,0.509646999841872,0.17905424133416195,0.2645532476476482,16.50954053625936
HWFET (highway),MPC + persistence,181.6659219855268,0.18140912643882542,0.6635596481867161,0.4637497364050972,0.24544602102891347,16.42957823104596
HWFET (highway),MPC + const. accel,182.06176632922939,0.1226425101497833,0.35763200000000034,0.5969462612251654,0.42444031526471665,16.430925635243433
HWFET (highway),MPC + LSTM,182.01855363002028,0.1250598835810592,0.3476319948710313,1.0049129201232339,1.8734477643453267,16.425258091547796
HWFET (highway),MPC + oracle,181.42907541541763,0.12745713827230168,0.35464041389423784,0.4551238961835507,0.21456544567718466,16.425523083043608
US06 (aggressive),Bang-bang,237.26595705466391,0.5092819715861397,2.4420192721574843,15.062860889416665,150.9988753407167,12.78531371456396
US06 (aggressive),PID,240.1139216323646,0.33237413670106686,1.4734205348321225,0.7359309102916405,58.44292674489983,12.890227269579691
US06 (aggressive),PID + LSTM,241.0225289623096,0.29273581830935747,1.3946314165405465,0.9112747643869357,71.82376802674776,12.88736124756522
US06 (aggressive),PID + oracle,239.78526737963088,0.2896729459070069,1.3849227115564222,0.7789784317759241,50.953570626662966,12.886932685777312
US06 (aggressive),MPC + persistence,235.0312702214913,0.5571743902455379,4.112768,1.780812877019786,30.17550714803371,12.819093186998169
US06 (aggressive),MPC + const. accel,243.7995813467444,0.23405200535365034,2.6107136000000053,2.465517144411443,101.82607978386142,12.836410495112446
US06 (aggressive),MPC + LSTM,247.23032052462887,0.18508086390087253,1.0788438670975375,3.6270700310132717,135.5552226015197,12.84047986906834
US06 (aggressive),MPC + oracle,232.94811903310813,0.18688778301602335,0.7895371924998571,1.3739838798237365,19.180891614295664,12.812628634876592
