cycle,forecast,w_energy,Wh/km,RMSE (m/s),max |err| (m/s),RMS jerk (m/s³),friction loss (Wh),km
HWFET (highway),LSTM,0.0,183.65966627850077,0.024101321667974407,0.3476230064948551,0.8713465448382381,6.482314690508007,16.505210699586552
HWFET (highway),LSTM,0.001,182.01855363002028,0.1250598835810592,0.3476319948710313,1.0049129201232339,1.8734477643453267,16.425258091547796
HWFET (highway),LSTM,0.003,176.45275040601567,0.8365529398441204,1.1410461238368264,1.3058697413832918,0.43541660452586717,15.908042492658394
HWFET (highway),LSTM,0.01,162.9641324642183,3.0563597995282756,4.02664998698511,1.4208314543077185,0.11005185420341013,14.263680520307558
HWFET (highway),const. accel,0.0,183.39683757580795,0.02736116101638685,0.35763200000000034,0.45059374195158164,2.805996301806608,16.506596045566006
HWFET (highway),const. accel,0.001,182.06176632922939,0.1226425101497833,0.35763200000000034,0.5969462612251654,0.42444031526471665,16.430925635243433
HWFET (highway),const. accel,0.003,176.7560455662743,0.8160772875339882,1.1095357376820623,1.0189417857613554,0.27125545368451237,15.924125453788033
HWFET (highway),const. accel,0.01,163.13655321342384,3.0352852232090433,3.9859131529492764,1.1179869324291083,0.14701090776389533,14.27978953459898
HWFET (highway),oracle,0.0,182.86041137719906,0.0026918101578471063,0.055900462119318206,0.28462139227151745,0.27817046368673454,16.506554676253096
HWFET (highway),oracle,0.001,181.42907541541763,0.12745713827230168,0.35464041389423784,0.4551238961835507,0.21456544567718466,16.425523083043608
HWFET (highway),oracle,0.003,176.3169442085014,0.8239184905519076,1.105245011263353,0.9054137468780342,0.20682092824265827,15.917968133853568
HWFET (highway),oracle,0.01,162.68881168546702,3.0460515642235233,4.010929054454941,1.1528980528903918,0.16440210272248756,14.27315720262789
HWFET (highway),persistence,0.0,182.91052895267183,0.10564515149192456,0.5419808022811559,0.3397527238223051,0.3205198030791303,16.506510238041578
HWFET (highway),persistence,0.001,181.6659219855268,0.18140912643882542,0.6635596481867161,0.4637497364050972,0.24544602102891347,16.42957823104596
HWFET (highway),persistence,0.003,176.35724840552206,0.8543758853499762,1.149724813911174,0.946914805560765,0.24869541681420262,15.907723627285929
HWFET (highway),persistence,0.01,162.761829308956,3.0541309724270844,4.014005671555502,1.0052278476653462,0.22232450901442227,14.277321814701068
UDDS (city),LSTM,0.0,167.77078825629872,0.06301875953377425,1.251712000000122,2.0555604175738376,15.525887220016239,12.004185657243033
UDDS (city),LSTM,0.001,165.5303138175096,0.07834301765003113,1.474172803722391,2.023762469520123,5.399193717583054,11.979177329157501
UDDS (city),LSTM,0.003,161.49064580572994,0.29919495633237075,2.199436800000134,2.2363719869924865,4.8687419630034885,11.788284232192689
UDDS (city),LSTM,0.01,151.67560906490445,1.2826906522773327,3.769127362933716,2.7095836171256624,4.02956662385107,10.796261588006502
UDDS (city),const. accel,0.0,166.07992156840697,0.16298252769139432,2.342489600000085,1.7527982554025863,5.403411173619938,11.96980329017371
UDDS (city),const. accel,0.001,165.1063380388977,0.17909063533734848,2.342489600000085,1.796578925617581,4.943142712032163,11.942203965747888
UDDS (city),const. accel,0.003,161.55432600745013,0.3382366414914573,2.467660800000053,2.0352684616443124,4.354349552428218,11.765122079856171
UDDS (city),const. accel,0.01,152.0523088289645,1.2743465477307738,3.73459125536521,2.4161626504460583,3.986090563696185,10.794085169044092
UDDS (city),oracle,0.0,164.94527657034106,0.00656506765323223,0.13421297859988962,0.7337817317772708,4.9899620678095244,11.990309070318784
UDDS (city),oracle,0.001,163.10780965235872,0.054182265478794615,0.3479122987448733,0.8171738466736228,4.610009755914609,11.955874912129811
UDDS (city),oracle,0.003,160.23237606492768,0.2951569537087656,1.0815077510605065,1.0580721074090094,4.160616086242868,11.76705559668138
UDDS (city),oracle,0.01,151.11626453046534,1.2956835274365688,3.790152461621286,2.3070374261556807,3.6747064209720812,10.752449474627095
UDDS (city),persistence,0.0,164.8397641727687,0.373604130590339,3.2276288000000504,1.6879261257566374,5.207224194808292,11.939639259938325
UDDS (city),persistence,0.001,163.57764643632524,0.4208143090156126,3.2544512000000334,1.707505941919067,5.055615643896924,11.938197848125688
UDDS (city),persistence,0.003,160.57749900675302,0.5904149696009818,3.621024,1.8889021326384332,5.024616662737236,11.667127666127874
UDDS (city),persistence,0.01,151.6149727609311,1.4591699417674586,4.586630400000066,2.475413744090286,5.223644556736532,10.666576819407023
US06 (aggressive),LSTM,0.0,257.2558098976078,0.11385342346261841,1.099878031999638,3.656047824616297,205.41126064360412,12.891326326848324
US06 (aggressive),LSTM,0.001,247.23032052462887,0.18508086390087253,1.0788438670975375,3.6270700310132717,135.5552226015197,12.84047986906834
US06 (aggressive),LSTM,0.003,231.68322119093912,0.9083567488631396,1.7358322297853022,3.528844923616408,55.008298383177156,12.47241230645037
US06 (aggressive),LSTM,0.01,204.15272906045692,3.422847958696875,5.718146888709999,3.3162596376652385,8.994329430397423,11.178418051297976
US06 (aggressive),const. accel,0.0,249.80560577427917,0.17873524742682473,2.6107136000000053,2.3355800454598215,136.9619897798853,12.88416377038086
US06 (aggressive),const. accel,0.001,243.7995813467444,0.23405200535365034,2.6107136000000053,2.465517144411443,101.82607978386142,12.836410495112446
US06 (aggressive),const. accel,0.003,232.22395757770005,0.9041220983232463,2.6107136000000053,2.4662348871281723,64.06798573567127,12.467640311425892
US06 (aggressive),const. accel,0.01,203.5831326209067,3.4017039056150113,5.662097637920638,2.5625127018492693,7.385133515949004,11.174404999192667
US06 (aggressive),oracle,0.0,240.76837342566273,0.013291109214903382,0.27420486586567977,1.4086459663675197,63.29725804396957,12.887582836015456
US06 (aggressive),oracle,0.001,232.94811903310813,0.18688778301602335,0.7895371924998571,1.3739838798237365,19.180891614295664,12.812628634876592
US06 (aggressive),oracle,0.003,223.90604295659514,0.9331599198684057,2.042181839579211,1.5387551175544274,5.39961421766795,12.43097689794878
US06 (aggressive),oracle,0.01,200.4315800279037,3.4786489346468428,5.86049106558491,2.374893066914017,1.0593013709694126,11.114880342885685
US06 (aggressive),persistence,0.0,241.49724568618015,0.45326280779813394,4.112768,1.8605709639124315,68.85810201555327,12.873913625873692
US06 (aggressive),persistence,0.001,235.0312702214913,0.5571743902455379,4.112768,1.780812877019786,30.17550714803371,12.819093186998169
US06 (aggressive),persistence,0.003,224.97251606988604,1.1164278056188013,4.112768,1.9186960672473206,13.980884837169071,12.445802125135158
US06 (aggressive),persistence,0.01,201.0290025676219,3.5490595975614285,5.788517094688739,2.124426380147007,5.009229407386451,11.132121272150108
