cycle,seed,MPC + LSTM saving at PID tracking (%),MPC + LSTM jerk (m/s³),PID + LSTM energy vs PID (%),PID + LSTM RMSE (m/s)
UDDS (city),42,1.5871638554347682,2.023762469520123,-0.03559437622811902,0.19406288899489169
UDDS (city),1,0.09467284498249867,3.431503948137498,-0.02504195464003341,0.1963280535633324
UDDS (city),2,0.36370581703139604,2.536796609665211,-0.024643286340777032,0.1984458795071847
UDDS (city),3,1.888478825364623,1.4191820906429349,-0.07085827642551247,0.1822844864122534
UDDS (city),4,1.2729139282180446,1.9051190918847314,0.0,0.2134722472608117
HWFET (highway),42,0.2849041975527245,1.0049129201232339,-0.041812599066632136,0.08398983831494178
HWFET (highway),1,-0.5439395593830089,2.043794392497,-0.052113648736065714,0.08294359475749519
HWFET (highway),2,-0.37728522984853924,1.278905714240439,-0.0375918814557022,0.08401870658274062
HWFET (highway),3,-0.08393403521715466,0.7172986502175117,-0.024759918198402203,0.08011090306303052
HWFET (highway),4,0.83241213294776,0.8198871933618339,0.0,0.08661651623928718
US06 (aggressive),42,-0.5808484356993044,3.6270700310132717,-0.37840676782421495,0.29273581830935747
US06 (aggressive),1,-3.61475125968358,5.6346432935305995,-0.500995454024085,0.2915950602804078
US06 (aggressive),2,-1.1915583834494303,4.499689221009627,-0.340504526546191,0.2926478682557359
US06 (aggressive),3,1.1041853371348358,2.4213409478694206,-0.5174165753632208,0.28905775785829635
US06 (aggressive),4,-0.29203493707538675,2.9575391269021583,-0.24638708355934746,0.30244294430971563
