seed,cycle,controller,w_energy,Wh/km,RMSE (m/s),max |err| (m/s),RMS jerk (m/s³),friction loss (Wh),km
42,UDDS (city),PID + LSTM,,165.18801589375465,0.19406288899489169,0.6873134405699348,0.5551908917007109,5.074360029446331,11.991435266387118
42,UDDS (city),MPC + LSTM,0.0,167.77078825629872,0.06301875953377425,1.251712000000122,2.0555604175738376,15.525887220016239,12.004185657243033
42,UDDS (city),MPC + LSTM,0.001,165.5303138175096,0.07834301765003113,1.474172803722391,2.023762469520123,5.399193717583054,11.979177329157501
42,UDDS (city),MPC + LSTM,0.003,161.49064580572994,0.29919495633237075,2.199436800000134,2.2363719869924865,4.8687419630034885,11.788284232192689
42,UDDS (city),MPC + LSTM,0.01,151.67560906490445,1.2826906522773327,3.769127362933716,2.7095836171256624,4.02956662385107,10.796261588006502
42,HWFET (highway),PID + LSTM,,182.9822320296859,0.08398983831494178,0.509646999841872,0.22195666154523222,1.9597130343595408,16.509587267928886
42,HWFET (highway),MPC + LSTM,0.0,183.65966627850077,0.024101321667974407,0.3476230064948551,0.8713465448382381,6.482314690508007,16.505210699586552
42,HWFET (highway),MPC + LSTM,0.001,182.01855363002028,0.1250598835810592,0.3476319948710313,1.0049129201232339,1.8734477643453267,16.425258091547796
42,HWFET (highway),MPC + LSTM,0.003,176.45275040601567,0.8365529398441204,1.1410461238368264,1.3058697413832918,0.43541660452586717,15.908042492658394
42,HWFET (highway),MPC + LSTM,0.01,162.9641324642183,3.0563597995282756,4.02664998698511,1.4208314543077185,0.11005185420341013,14.263680520307558
42,US06 (aggressive),PID + LSTM,,241.0225289623096,0.29273581830935747,1.3946314165405465,0.9112747643869357,71.82376802674776,12.88736124756522
42,US06 (aggressive),MPC + LSTM,0.0,257.2558098976078,0.11385342346261841,1.099878031999638,3.656047824616297,205.41126064360412,12.891326326848324
42,US06 (aggressive),MPC + LSTM,0.001,247.23032052462887,0.18508086390087253,1.0788438670975375,3.6270700310132717,135.5552226015197,12.84047986906834
42,US06 (aggressive),MPC + LSTM,0.003,231.68322119093912,0.9083567488631396,1.7358322297853022,3.528844923616408,55.008298383177156,12.47241230645037
42,US06 (aggressive),MPC + LSTM,0.01,204.15272906045692,3.422847958696875,5.718146888709999,3.3162596376652385,8.994329430397423,11.178418051297976
1,UDDS (city),PID + LSTM,,165.17059076027212,0.1963280535633324,0.6928072346942271,0.6753439962984537,5.066530760520436,11.991418166195416
1,UDDS (city),MPC + LSTM,0.0,173.1812910608378,0.07017513938736303,0.5633257453220235,3.5631433378320208,39.46259612275645,12.024881251171283
1,UDDS (city),MPC + LSTM,0.001,169.24212851556987,0.09389811489721692,1.4841728000001342,3.431503948137498,18.06784215546969,11.994926977010818
1,UDDS (city),MPC + LSTM,0.003,163.36486772565945,0.2908638204999622,2.199436800000134,3.4288444653669714,12.26476693695242,11.822414175377062
1,UDDS (city),MPC + LSTM,0.01,152.0166439217465,1.244070635514785,3.8143735215584336,3.4525348259297317,4.851786793296274,10.863417300521807
1,HWFET (highway),PID + LSTM,,183.00107324229282,0.08294359475749519,0.509646999841872,0.2936584352013824,2.3982593452237975,16.50949149339871
1,HWFET (highway),MPC + LSTM,0.0,185.43866092983637,0.03534611978799379,0.42764473931080194,1.7814623870953017,14.708687687071608,16.500176886455687
1,HWFET (highway),MPC + LSTM,0.001,182.78515821242632,0.16592956183522256,0.42023799564637276,2.043794392497,12.498294416192806,16.410737821192026
1,HWFET (highway),MPC + LSTM,0.003,176.65437798248112,0.8380559898407723,1.2079973341960404,2.1169444853223807,2.779552871405069,15.914384429182462
1,HWFET (highway),MPC + LSTM,0.01,162.95615049013347,3.0688870022623083,4.147967310715675,1.9917216519519116,0.22212161921621498,14.259814058009507
1,US06 (aggressive),PID + LSTM,,241.3168814642217,0.2915950602804078,1.392212413026987,1.1561260554430182,77.67032639537113,12.8872059552997
1,US06 (aggressive),MPC + LSTM,0.0,267.85064535662195,0.1282328440667235,1.3210188060958434,5.870958611306381,327.1802350690563,12.878702309209926
1,US06 (aggressive),MPC + LSTM,0.001,253.7046336047606,0.2262611507791866,1.3813726309159708,5.6346432935305995,213.57231996938532,12.82013649448539
1,US06 (aggressive),MPC + LSTM,0.003,235.61499368234317,0.9328097297458225,1.870647405383572,5.381397354322353,96.26951413821426,12.455264713194628
1,US06 (aggressive),MPC + LSTM,0.01,204.20575771312983,3.4359938549088085,5.851773463341885,4.75005509693388,11.324460373764069,11.166832836476633
2,UDDS (city),PID + LSTM,,165.16993244234274,0.1984458795071847,0.6967376217779606,0.6102771698118209,5.102438377523323,11.991477192726371
2,UDDS (city),MPC + LSTM,0.0,171.20179331777655,0.073875809969549,1.251712000000122,2.661786117605152,25.04302464247269,12.042037282238248
2,UDDS (city),MPC + LSTM,0.001,167.84012372813035,0.07099847282134944,1.251712000000122,2.536796609665211,8.643934625003027,12.026761220190135
2,UDDS (city),MPC + LSTM,0.003,162.84204086327887,0.2791367323556609,2.467660800000053,2.8082529296141985,6.455137813375482,11.845871526204643
2,UDDS (city),MPC + LSTM,0.01,152.1590609929659,1.2084403717841865,3.6336697571766763,3.101089677580922,4.629059127423971,10.891020436915632
2,HWFET (highway),PID + LSTM,,182.97451209429937,0.08401870658274062,0.509646999841872,0.22571797959766807,1.7890729788179969,16.509596615404803
2,HWFET (highway),MPC + LSTM,0.0,184.80774906275497,0.05774976839415307,0.3131039774538023,1.1859244941187557,6.603965615189644,16.546116631368193
2,HWFET (highway),MPC + LSTM,0.001,183.17186194544908,0.05319010052570851,0.32291392876716074,1.278905714240439,4.150235400428765,16.49946413046024
2,HWFET (highway),MPC + LSTM,0.003,177.21837707208488,0.7311855575065953,1.0620538155620913,1.6707037321321214,0.5371409284795949,15.994189763424004
2,HWFET (highway),MPC + LSTM,0.01,163.5757741671533,2.949628722269463,3.9015005621367074,1.4412974251877329,0.20984806089214111,14.346440039418226
2,US06 (aggressive),PID + LSTM,,240.93152040439037,0.2926478682557359,1.3930845840681996,1.0203083422553139,70.83495703949356,12.887365098942624
2,US06 (aggressive),MPC + LSTM,0.0,262.68458511667643,0.12572234101160568,1.1086592000000106,4.749173754969289,247.12981657521323,12.908098719080906
2,US06 (aggressive),MPC + LSTM,0.001,251.18969076876212,0.15247093840390635,1.224889599999938,4.499689221009627,171.76107591311066,12.872461367639303
2,US06 (aggressive),MPC + LSTM,0.003,233.15285686035824,0.8439080808065407,1.6561926412527797,4.170960371067083,70.96256693305389,12.504743976622622
2,US06 (aggressive),MPC + LSTM,0.01,204.04458864972815,3.355895337501811,5.643019215196208,3.8821736540374783,9.61285967085088,11.209231719681377
3,UDDS (city),PID + LSTM,,165.24624690385266,0.1822844864122534,0.6714449594669951,0.5039855660956807,5.1834254631345145,11.9909363555112
3,UDDS (city),MPC + LSTM,0.0,166.3214268196131,0.10296623682568345,0.5608918915665715,1.3610157751257947,7.570298850807892,12.053147836231929
3,UDDS (city),MPC + LSTM,0.001,164.12947447320292,0.11217733924315736,0.5948723079455362,1.4191820906429349,4.865547560176632,11.987452268377092
3,UDDS (city),MPC + LSTM,0.003,160.6733300706106,0.32043863388765154,1.0968695715023458,1.6817015210490256,4.218605985302856,11.77739269075993
3,UDDS (city),MPC + LSTM,0.01,151.45435691556997,1.2840181832953614,3.763318700162845,2.4732494078542886,3.9466449018282406,10.806190589020417
3,HWFET (highway),PID + LSTM,,182.95104169510185,0.08011090306303052,0.509646999841872,0.22350276499453722,1.219942839612397,16.508648907019015
3,HWFET (highway),MPC + LSTM,0.0,183.85451321426802,0.06261957602633553,0.39950100802266886,0.542064334398586,4.024429549601226,16.541441060706696
3,HWFET (highway),MPC + LSTM,0.001,181.71140617771377,0.15010647618207806,0.41179052726180365,0.7172986502175117,0.22898439848430227,16.409266108375757
3,HWFET (highway),MPC + LSTM,0.003,176.47002879548532,0.8372752013116633,1.1163835310340247,1.0166669075139916,0.2679703883645626,15.907144185979515
3,HWFET (highway),MPC + LSTM,0.01,163.0422517898412,3.058626482930847,3.9969669094293927,1.2364212686980163,0.16744387124045373,14.261694598400853
3,US06 (aggressive),PID + LSTM,,241.3563108626451,0.28905775785829635,1.3968102130553293,0.9029565596375647,74.37742290085494,12.886963589029678
3,US06 (aggressive),MPC + LSTM,0.0,248.64796202604697,0.14996988002785938,1.3510293661667052,2.4005621573352096,140.67692618925443,12.90539987526946
3,US06 (aggressive),MPC + LSTM,0.001,240.45212626661393,0.23502150218435353,1.3683072576676076,2.4213409478694206,81.96791905998352,12.821221288167987
3,US06 (aggressive),MPC + LSTM,0.003,228.56183754981384,0.9327717820830355,1.6878943103176667,2.4476532024112627,32.26293556233212,12.456561988005586
3,US06 (aggressive),MPC + LSTM,0.01,202.12680672467994,3.4684334804246997,5.726549643034943,2.4609585885617475,3.523637860949706,11.140611329314439
4,UDDS (city),PID + LSTM,,165.12923917110146,0.2134722472608117,0.7168730922991371,0.39272777470154285,5.2526330567025745,11.991703728904469
4,UDDS (city),MPC + LSTM,0.0,166.70982219002738,0.0821354571157683,1.4841728000001342,1.7820638365555526,7.358454091134268,12.009839648284604
4,UDDS (city),MPC + LSTM,0.001,165.37916783397426,0.12441306790383169,2.342489600000085,1.9051190918847314,5.148328523440124,11.998151903509443
4,UDDS (city),MPC + LSTM,0.003,161.95354477493842,0.27314304662559974,2.342489600000085,2.1904294291431747,4.799964357336877,11.852605690456334
4,UDDS (city),MPC + LSTM,0.01,152.1616707758313,1.1957652141764215,3.621790658902974,2.656532773912344,4.154813631326155,10.925310182116636
4,HWFET (highway),PID + LSTM,,182.9057543799372,0.08661651623928718,0.509646999841872,0.14842404924002972,0.2524865394470513,16.509885889993893
4,HWFET (highway),MPC + LSTM,0.0,183.64026014993277,0.033828196528839276,0.4012910062878823,0.6771675129643426,3.7697209582741737,16.52094869023552
4,HWFET (highway),MPC + LSTM,0.001,182.68869658792096,0.04494638997996555,0.3977453427701938,0.8198871933618339,0.24032198459874032,16.49659531773638
4,HWFET (highway),MPC + LSTM,0.003,177.14407029951167,0.729042458690148,1.0488941904019349,1.2561061503436466,0.2685032637000882,15.99691444116283
4,HWFET (highway),MPC + LSTM,0.01,163.49951640615694,2.9454330370196025,3.8752010200966573,1.3953675768070497,0.19819453401158574,14.3506192502348
4,US06 (aggressive),PID + LSTM,,240.70553132109455,0.30244294430971563,1.4095156529044477,0.8055184134220867,67.13525114311065,12.888182227330805
4,US06 (aggressive),MPC + LSTM,0.0,252.56103589045028,0.14622868556289623,1.966976,3.018359491245736,156.33400528274896,12.892479691538016
4,US06 (aggressive),MPC + LSTM,0.001,245.05290372167673,0.2221693236997443,2.6107136000000053,2.9575391269021583,105.3981097377291,12.868156874025082
4,US06 (aggressive),MPC + LSTM,0.003,230.9018241781561,0.8528407234640832,2.6107136000000053,3.028098841887887,50.04322201333956,12.504703322564163
4,US06 (aggressive),MPC + LSTM,0.01,203.68225555365711,3.3534507082707967,5.638144026227057,2.862109272732991,6.645770734947943,11.206956744606819
